Band,wavelength,efficiency
0,4.91,0.00000
0,4.92,0.103291011366871
0,4.9245,0.103328067268216
0,4.929,0.103309803019782
0,4.9335,0.103401017904595
0,4.938,0.103613470402258
0,4.9425,0.103840045190929
0,4.947,0.104128047841624
0,4.9515,0.104370765564554
0,4.956,0.104569998673934
0,4.9605,0.104616138201969
0,4.965,0.104649611522444
0,4.9695,0.104788600243914
0,4.974,0.104948946227657
0,4.9785,0.105041054539175
0,4.983,0.105112276462958
0,4.9875,0.10514179714861
0,4.992,0.105117772932438
0,4.9965,0.105215478521441
0,5.001,0.105439476311376
0,5.0055,0.105640909093152
0,5.01,0.10590138312569
0,5.0145,0.106133639935764
0,5.019,0.106323478921945
0,5.0235,0.106477595318973
0,5.028,0.106629979973449
0,5.0325,0.10674675319561
0,5.037,0.106833473611655
0,5.0415,0.10689795606417
0,5.046,0.106889448446783
0,5.0505,0.106882099542409
0,5.055,0.106865139893787
0,5.0595,0.107026676322309
0,5.064,0.10737273747151
0,5.0685,0.107660644466161
0,5.073,0.107872188440588
0,5.0775,0.108003880854778
0,5.082,0.108149820195941
0,5.0865,0.108343643131071
0,5.091,0.108370134200493
0,5.0955,0.108377570167989
0,5.1,0.108359409612123
0,5.1045,0.108303003756263
0,5.109,0.108252218248955
0,5.1135,0.108400355042415
0,5.118,0.108543183463393
0,5.1225,0.108636474911619
0,5.127,0.108857495717423
0,5.1315,0.10914449510939
0,5.136,0.109334866684603
0,5.1405,0.109352334498551
0,5.145,0.109399533854171
0,5.1495,0.109603424006063
0,5.154,0.109638297697125
0,5.1585,0.109634259070356
0,5.163,0.109626645859833
0,5.1675,0.109679380403496
0,5.172,0.109717866320983
0,5.1765,0.109761153034182
0,5.181,0.109719186847617
0,5.1855,0.109720486635641
0,5.19,0.109772506189259
0,5.1945,0.109821550363584
0,5.199,0.109874238551893
0,5.2035,0.110099462088641
0,5.208,0.110410975393321
0,5.2125,0.110621761612473
0,5.217,0.110592982705556
0,5.2215,0.110482384210951
0,5.226,0.110374898202081
0,5.2305,0.110524280769209
0,5.235,0.110696670234132
0,5.2395,0.110675983222883
0,5.244,0.110490556819834
0,5.2485,0.110282536029898
0,5.253,0.109716794811278
0,5.2575,0.109514095033304
0,5.262,0.109858460643753
0,5.2665,0.110357671699532
0,5.271,0.110754818943745
0,5.2755,0.110913547437725
0,5.28,0.110991582921093
0,5.2845,0.111172708246489
0,5.289,0.1114145245947
0,5.2935,0.111532124708847
0,5.298,0.111484780106059
0,5.3025,0.1114435203015
0,5.307,0.111491420442751
0,5.3115,0.11147210559411
0,5.316,0.111302781315966
0,5.3205,0.111130262075145
0,5.325,0.110972965274788
0,5.3295,0.11124790231456
0,5.334,0.111856287999362
0,5.3385,0.112414079370616
0,5.343,0.113031048853143
0,5.3475,0.113464708217702
0,5.352,0.113457807835196
0,5.3565,0.113447627361603
0,5.361,0.113282936596185
0,5.3655,0.112973795555349
0,5.37,0.112787581726472
0,5.3745,0.113068830376854
0,5.379,0.113472127161412
0,5.3835,0.113751928751025
0,5.388,0.114109000833573
0,5.3925,0.11447481691303
0,5.397,0.11488514680141
0,5.4015,0.115177392097993
0,5.406,0.115525288007634
0,5.4105,0.11608272604672
0,5.415,0.116683450959749
0,5.4195,0.116809769799591
0,5.424,0.116687595076261
0,5.4285,0.116767566918373
0,5.433,0.116993577709247
0,5.4375,0.117205925464225
0,5.442,0.117377523711933
0,5.4465,0.117488834218219
0,5.451,0.117447944197319
0,5.4555,0.117748801892911
0,5.46,0.118493800086767
0,5.4645,0.119154952196562
0,5.469,0.119308797336052
0,5.4735,0.119296605648171
0,5.478,0.119141620536682
0,5.4825,0.119135436393327
0,5.487,0.119536484383584
0,5.4915,0.120082505398831
0,5.496,0.120573350837292
0,5.5005,0.120797856912854
0,5.505,0.120930003430959
0,5.5095,0.121058246413718
0,5.514,0.121236029272629
0,5.5185,0.12155970499682
0,5.523,0.122053546748601
0,5.5275,0.122319594627024
0,5.532,0.122260465504197
0,5.5365,0.12200345444221
0,5.541,0.121904098088136
0,5.5455,0.12219840789539
0,5.55,0.122927157130312
0,5.5545,0.123372410785696
0,5.559,0.123860953681289
0,5.5635,0.124289828811251
0,5.568,0.124851631970827
0,5.5725,0.125126749477934
0,5.577,0.125110353723881
0,5.5815,0.12509003274505
0,5.586,0.125138029300554
0,5.5905,0.125183418138191
0,5.595,0.12528170514233
0,5.5995,0.125355366010364
0,5.604,0.125365363937939
0,5.6085,0.125083186430031
0,5.613,0.124499521322064
0,5.6175,0.124265960352414
0,5.622,0.124487869121815
0,5.6265,0.124967787841277
0,5.631,0.125727115876861
0,5.6355,0.126303546903046
0,5.64,0.126744989947995
0,5.6445,0.12692161602316
0,5.649,0.127090287604094
0,5.6535,0.126965801482408
0,5.658,0.126518510596806
0,5.6625,0.125867427620954
0,5.667,0.125697514525163
0,5.6715,0.126079508351731
0,5.676,0.126858421352431
0,5.6805,0.127287920416478
0,5.685,0.127710089991591
0,5.6895,0.127925273877756
0,5.694,0.127984433183452
0,5.6985,0.127889833310293
0,5.703,0.127975689305213
0,5.7075,0.128379692665163
0,5.712,0.128646764257518
0,5.7165,0.128100946346968
0,5.721,0.126717019227173
0,5.7255,0.126427271522064
0,5.73,0.12721875221652
0,5.7345,0.128013891016622
0,5.739,0.128648744754791
0,5.7435,0.128879553889993
0,5.748,0.128777124872021
0,5.7525,0.128418563667297
0,5.757,0.128457911618617
0,5.7615,0.128845621013522
0,5.766,0.129622667500552
0,5.7705,0.129444083986652
0,5.775,0.128488585360485
0,5.7795,0.127468416893358
0,5.784,0.126669712939881
0,5.7885,0.126612477800761
0,5.793,0.127042578027643
0,5.7975,0.127798050027826
0,5.802,0.128570731715625
0,5.8065,0.128898003829625
0,5.811,0.129523976483583
0,5.8155,0.13007482105186
0,5.82,0.130826822433687
0,5.83,0.00000
1,5.67,0.00000
1,5.68,0.126267784556193
1,5.68525,0.127533290982345
1,5.6905,0.128189470817944
1,5.69575,0.128250371031901
1,5.701,0.128059289365405
1,5.70625,0.128379387386217
1,5.7115,0.128343095905359
1,5.71675,0.126565968791836
1,5.722,0.123779918298664
1,5.72725,0.124328468160546
1,5.7325,0.126973532965935
1,5.73775,0.128770786566379
1,5.743,0.129742611270533
1,5.74825,0.129698509572547
1,5.7535,0.128695583833638
1,5.75875,0.128347634277559
1,5.764,0.128632835746363
1,5.76925,0.129048338961346
1,5.7745,0.127863825253208
1,5.77975,0.125900609273698
1,5.785,0.124625800847943
1,5.79025,0.125672362677375
1,5.7955,0.127967219323806
1,5.80075,0.130079402304839
1,5.806,0.131086501537565
1,5.81125,0.131443063349181
1,5.8165,0.131673334412622
1,5.82175,0.132037899716412
1,5.827,0.130821316394865
1,5.83225,0.129610441244464
1,5.8375,0.129470503494769
1,5.84275,0.130488220757037
1,5.848,0.13176943080309
1,5.85325,0.133405149167661
1,5.8585,0.134447032064667
1,5.86375,0.13465820744496
1,5.869,0.134903688247358
1,5.87425,0.135021900352456
1,5.8795,0.134624149390334
1,5.88475,0.135094309694018
1,5.89,0.136958583023427
1,5.89525,0.137809134066607
1,5.9005,0.13768399482147
1,5.90575,0.13699490801506
1,5.911,0.136828882904102
1,5.91625,0.137501970607263
1,5.9215,0.138520887004887
1,5.92675,0.138863332043781
1,5.932,0.13869237288139
1,5.93725,0.136904736678417
1,5.9425,0.135574065224607
1,5.94775,0.135823391897115
1,5.953,0.136389073829503
1,5.95825,0.135432156311363
1,5.9635,0.135025773707036
1,5.96875,0.136641475673565
1,5.974,0.139912487444439
1,5.97925,0.141374397621794
1,5.9845,0.142165314926777
1,5.98975,0.142155345428988
1,5.995,0.140200051192347
1,6.00025,0.138183556830663
1,6.0055,0.137586512830701
1,6.01075,0.139273355478652
1,6.016,0.141679672031908
1,6.02125,0.142115921666252
1,6.0265,0.14186632604663
1,6.03175,0.141118024924879
1,6.037,0.142267731211445
1,6.04225,0.143427232612954
1,6.0475,0.143881264934529
1,6.05275,0.142578112575955
1,6.058,0.141741686892892
1,6.06325,0.141812765145552
1,6.0685,0.142050027844829
1,6.07375,0.141777329342108
1,6.079,0.141237969257781
1,6.08425,0.141571475484776
1,6.0895,0.141537384064241
1,6.09475,0.141967664800592
1,6.1,0.142302129480585
1,6.10525,0.142467349459126
1,6.1105,0.14233274252835
1,6.11575,0.142494621344885
1,6.121,0.142494316331859
1,6.12625,0.141926118607871
1,6.1315,0.141416609988407
1,6.13675,0.141234108059503
1,6.142,0.141695776562273
1,6.14725,0.141747938108769
1,6.1525,0.1415145556588
1,6.15775,0.141226409472242
1,6.163,0.141150331682259
1,6.16825,0.141257211708486
1,6.1735,0.141360047975028
1,6.17875,0.14146337869208
1,6.184,0.141393828568217
1,6.18925,0.141190441491813
1,6.1945,0.140882356317602
1,6.19975,0.140641883918091
1,6.205,0.140406496683503
1,6.21025,0.140152589176863
1,6.2155,0.139680181455517
1,6.22075,0.138842183991811
1,6.226,0.137258153238714
1,6.23125,0.136119859119938
1,6.2365,0.136056174565757
1,6.24175,0.136863320131569
1,6.247,0.137377150466806
1,6.25225,0.136876056696642
1,6.2575,0.13637178162424
1,6.26275,0.136337526665209
1,6.268,0.136670266865707
1,6.27325,0.136935310984477
1,6.2785,0.136840926407747
1,6.28375,0.13645130888818
1,6.289,0.136069031783624
1,6.29425,0.135174128431847
1,6.2995,0.132949985285185
1,6.30475,0.131016835976449
1,6.31,0.131518946797818
1,6.31525,0.132791047321087
1,6.3205,0.133834047095386
1,6.32575,0.135104617376762
1,6.331,0.136265048024656
1,6.33625,0.136876770331536
1,6.3415,0.137214571991977
1,6.34675,0.13733502579401
1,6.352,0.136480270835876
1,6.35725,0.135157062575651
1,6.3625,0.132670496814397
1,6.36775,0.130306456499063
1,6.373,0.128998702269106
1,6.37825,0.130954616114385
1,6.3835,0.133972776894129
1,6.38875,0.135926280508772
1,6.394,0.136863706854448
1,6.39925,0.137120306709487
1,6.4045,0.13768190887848
1,6.40975,0.139356255693544
1,6.415,0.142031633437217
1,6.42025,0.143133422206344
1,6.4255,0.141605854172447
1,6.43075,0.139486920244885
1,6.436,0.137000872628188
1,6.44125,0.136198986071489
1,6.4465,0.135517427201286
1,6.45175,0.134789686137197
1,6.457,0.135053665804239
1,6.46225,0.136249262551201
1,6.4675,0.137435814124091
1,6.47275,0.138685066161981
1,6.478,0.140697552544396
1,6.48325,0.142776785102127
1,6.4885,0.143745325789588
1,6.49375,0.143469562803914
1,6.499,0.142395992173525
1,6.50425,0.140597920303968
1,6.5095,0.138289747427196
1,6.51475,0.136804841706318
1,6.52,0.138086189403335
1,6.52525,0.140597846901549
1,6.5305,0.142988424973518
1,6.53575,0.143501650099765
1,6.541,0.144069358903135
1,6.54625,0.144345167393418
1,6.5515,0.144261544038369
1,6.55675,0.144069433373557
1,6.562,0.144613564561799
1,6.56725,0.145948682460411
1,6.5725,0.147245402452943
1,6.57775,0.147488439968958
1,6.583,0.146624845828835
1,6.58825,0.144593210192099
1,6.5935,0.142649913491117
1,6.59875,0.141951516774962
1,6.604,0.143126413902811
1,6.60925,0.145006184756648
1,6.6145,0.146468133086846
1,6.61975,0.14738701328371
1,6.625,0.148124958879893
1,6.63025,0.148596207071654
1,6.6355,0.149072084638687
1,6.64075,0.149503482298207
1,6.646,0.147634600940502
1,6.65125,0.145610465469605
1,6.6565,0.143071547261795
1,6.66175,0.141242428839023
1,6.667,0.14069210339086
1,6.67225,0.141795742711931
1,6.6775,0.143507490393402
1,6.68275,0.144470192502045
1,6.688,0.144849049071051
1,6.69325,0.14443150409002
1,6.6985,0.14430015678166
1,6.70375,0.144312988075057
1,6.709,0.144701123391935
1,6.71425,0.144734340393811
1,6.7195,0.144298779360868
1,6.72475,0.143411346184316
1,6.73,0.141099792946001
1,6.74,0.00000
2,6.55,0.00000
2,6.56,0.154392153065126
2,6.566,0.155293627847371
2,6.572,0.156006585792292
2,6.578,0.155854709901151
2,6.584,0.155184365317975
2,6.59,0.154286771717027
2,6.596,0.153592878445267
2,6.602,0.153303913254057
2,6.608,0.153788044175605
2,6.614,0.154527360993616
2,6.62,0.154962631029835
2,6.626,0.15553721911645
2,6.632,0.15638418165034
2,6.638,0.157095232249862
2,6.644,0.156533338305722
2,6.65,0.154851519903694
2,6.656,0.152724126636873
2,6.662,0.152190656012042
2,6.668,0.152448370715907
2,6.674,0.15322741414192
2,6.68,0.153558317150603
2,6.686,0.153230042715736
2,6.692,0.15274474136179
2,6.698,0.152695987808436
2,6.704,0.153229170753348
2,6.71,0.153779056609015
2,6.716,0.153490426895656
2,6.722,0.15276541216616
2,6.728,0.151601478170191
2,6.734,0.150554683748486
2,6.74,0.149851191294213
2,6.746,0.149555875176195
2,6.752,0.150046559942094
2,6.758,0.150388303820182
2,6.764,0.15047964182616
2,6.77,0.150879559010029
2,6.776,0.151326791258312
2,6.782,0.151742185000486
2,6.788,0.151531152302135
2,6.794,0.150676279270678
2,6.8,0.149928548005417
2,6.806,0.149548804901697
2,6.812,0.149426594952843
2,6.818,0.149242150161942
2,6.824,0.14882477121684
2,6.83,0.148122650318207
2,6.836,0.147536524453215
2,6.842,0.147476983373934
2,6.848,0.148526386159608
2,6.854,0.149370282963021
2,6.86,0.150221851820476
2,6.866,0.14895845042986
2,6.872,0.147896635650792
2,6.878,0.146921495225776
2,6.884,0.146584753861451
2,6.89,0.146067831795563
2,6.896,0.14554847020875
2,6.902,0.145224396004598
2,6.908,0.144899325772879
2,6.914,0.144463587059004
2,6.92,0.143953692813007
2,6.926,0.143618196250457
2,6.932,0.143431301125265
2,6.938,0.143760253073809
2,6.944,0.144361182207501
2,6.95,0.144749634348343
2,6.956,0.145037379846512
2,6.962,0.144458509586332
2,6.968,0.143971593782799
2,6.974,0.143551072981964
2,6.98,0.143374653890912
2,6.986,0.143168382824751
2,6.992,0.142999803847853
2,6.998,0.142788888873768
2,7.004,0.142633513648736
2,7.01,0.142470938199519
2,7.016,0.142370761128204
2,7.022,0.142358795506797
2,7.028,0.142346308871451
2,7.034,0.142555700295607
2,7.04,0.143098580162325
2,7.046,0.143646929251655
2,7.052,0.144448504019847
2,7.058,0.144143242446477
2,7.064,0.143667128497291
2,7.07,0.143182869781346
2,7.076,0.142819234086707
2,7.082,0.142855771546558
2,7.088,0.143067837648912
2,7.094,0.143323065624306
2,7.1,0.143794506462641
2,7.106,0.144106502131719
2,7.112,0.144353179020378
2,7.118,0.144324632234689
2,7.124,0.144240687086451
2,7.13,0.144159625263023
2,7.136,0.14422562113812
2,7.142,0.144483029072229
2,7.148,0.144901878423713
2,7.154,0.145357132207967
2,7.16,0.14562960072588
2,7.166,0.14583757425735
2,7.172,0.146039890598501
2,7.178,0.146053115963442
2,7.184,0.14602864620212
2,7.19,0.145963162041121
2,7.196,0.145844863226594
2,7.202,0.145930178831986
2,7.208,0.146068488881338
2,7.214,0.14629845098073
2,7.22,0.146420863366994
2,7.226,0.146443419211472
2,7.232,0.146420900840591
2,7.238,0.146396486156678
2,7.244,0.146702163161138
2,7.25,0.146959685277488
2,7.256,0.147192422080843
2,7.262,0.147603554271704
2,7.268,0.147985211551977
2,7.274,0.148352688218451
2,7.28,0.14857549410166
2,7.286,0.148411941701051
2,7.292,0.148280927512885
2,7.298,0.148146185410909
2,7.304,0.148194249092415
2,7.31,0.148265325675072
2,7.316,0.148249028970654
2,7.322,0.14820829891142
2,7.328,0.148313070797375
2,7.334,0.148556345011861
2,7.34,0.148952431853173
2,7.346,0.149104651027601
2,7.352,0.149088843131998
2,7.358,0.14899384012505
2,7.364,0.148866124710775
2,7.37,0.148936481707745
2,7.376,0.148979521244088
2,7.382,0.149015274101735
2,7.388,0.149055901563006
2,7.394,0.149100654404676
2,7.4,0.149139794505933
2,7.406,0.149171952766866
2,7.412,0.149128890759952
2,7.418,0.149070830366994
2,7.424,0.148982357874749
2,7.43,0.148854494885244
2,7.436,0.148841685572019
2,7.442,0.148828697447029
2,7.448,0.148849335325743
2,7.454,0.148910790325298
2,7.46,0.148979920642902
2,7.466,0.149046337414209
2,7.472,0.149105393329073
2,7.478,0.148953145698181
2,7.484,0.148718179756789
2,7.49,0.148495379138513
2,7.496,0.148311392399439
2,7.502,0.148193584421982
2,7.508,0.148134173627764
2,7.514,0.148091639042234
2,7.52,0.14801961951758
2,7.526,0.148010380509287
2,7.532,0.148004516832826
2,7.538,0.147996252952205
2,7.544,0.147969708828051
2,7.55,0.147915608950045
2,7.556,0.147854038849974
2,7.562,0.1478061066632
2,7.568,0.147705031290292
2,7.574,0.147629747760587
2,7.58,0.147563927794739
2,7.586,0.147508012044217
2,7.592,0.147417939890822
2,7.598,0.147308796268969
2,7.604,0.147187774356644
2,7.61,0.147091978267656
2,7.616,0.146892866974821
2,7.622,0.146730568516814
2,7.628,0.14657977555999
2,7.634,0.146446397580458
2,7.64,0.146403367695959
2,7.646,0.146359572359169
2,7.652,0.146331376974611
2,7.658,0.14627911556691
2,7.664,0.146199698585216
2,7.67,0.146135287451026
2,7.676,0.146069146985254
2,7.682,0.146026391406256
2,7.688,0.145947292993822
2,7.694,0.145891497551039
2,7.7,0.145852113342754
2,7.706,0.145774514165491
2,7.712,0.145612921374325
2,7.718,0.145473966714838
2,7.724,0.145337897718106
2,7.73,0.145258171630867
2,7.736,0.145215513939057
2,7.742,0.145197737101952
2,7.748,0.145195187689491
2,7.754,0.145179975104991
2,7.76,0.145204615120281
2,7.77,0.00000
3,7.52,0.00000
3,7.53,0.120203996582022
3,7.5369,0.120002348054587
3,7.5438,0.119714529361814
3,7.5507,0.119365776777915
3,7.5576,0.118927854093392
3,7.5645,0.118320648301422
3,7.5714,0.117554154654311
3,7.5783,0.116879238518683
3,7.5852,0.116605457434345
3,7.5921,0.116715550222576
3,7.599,0.116929714152937
3,7.6059,0.117035074701887
3,7.6128,0.117117295945557
3,7.6197,0.117386488721452
3,7.6266,0.117917171678636
3,7.6335,0.118501577803937
3,7.6404,0.118967717412875
3,7.6473,0.119319755094515
3,7.6542,0.119660692055766
3,7.6611,0.120032279067885
3,7.668,0.120404951343398
3,7.6749,0.120682094726129
3,7.6818,0.120971842240974
3,7.6887,0.121244301512059
3,7.6956,0.121478664634795
3,7.7025,0.121666127870168
3,7.7094,0.121858235627295
3,7.7163,0.122111529850659
3,7.7232,0.12248064427311
3,7.7301,0.122888888735189
3,7.737,0.123262626646796
3,7.7439,0.123504142177182
3,7.7508,0.123696133118474
3,7.7577,0.123914294154572
3,7.7646,0.124285466669126
3,7.7715,0.124879646998515
3,7.7784,0.125571438432073
3,7.7853,0.126229063159084
3,7.7922,0.126722148744103
3,7.7991,0.127096002617145
3,7.806,0.127483597131126
3,7.8129,0.127832420496506
3,7.8198,0.128281584374843
3,7.8267,0.128740383070231
3,7.8336,0.129178296038019
3,7.8405,0.129550181511893
3,7.8474,0.129824401973915
3,7.8543,0.130023985582427
3,7.8612,0.130237600359211
3,7.8681,0.130547007833703
3,7.875,0.13098982819787
3,7.8819,0.131468123030366
3,7.8888,0.132039922963414
3,7.8957,0.132576444801074
3,7.9026,0.133093739249231
3,7.9095,0.133561642617022
3,7.9164,0.133934708582453
3,7.9233,0.134235844628909
3,7.9302,0.134486458253551
3,7.9371,0.134816187926766
3,7.944,0.13526187593598
3,7.9509,0.135703704878709
3,7.9578,0.136177838784828
3,7.9647,0.136570774480353
3,7.9716,0.136886953889819
3,7.9785,0.137167654860966
3,7.9854,0.137399965229613
3,7.9923,0.1376694037983
3,7.9992,0.13794722463039
3,8.0061,0.138179022284367
3,8.013,0.138375352315323
3,8.0199,0.138486461931058
3,8.0268,0.138577186245267
3,8.0337,0.138660299369726
3,8.0406,0.138741885611977
3,8.0475,0.138814905617042
3,8.0544,0.138898962080977
3,8.0613,0.138969879162668
3,8.0682,0.139053681018433
3,8.0751,0.139147710260461
3,8.082,0.13921384875001
3,8.0889,0.139255513275318
3,8.0958,0.139259607787176
3,8.1027,0.139241990202449
3,8.1096,0.139229271194898
3,8.1165,0.13922606429718
3,8.1234,0.139257834434008
3,8.1303,0.139274045522036
3,8.1372,0.139253689618633
3,8.1441,0.139189796110921
3,8.151,0.139107397081134
3,8.1579,0.139048250177912
3,8.1648,0.139007048157191
3,8.1717,0.139014275822389
3,8.1786,0.139044048219728
3,8.1855,0.139055291252342
3,8.1924,0.139029051046309
3,8.1993,0.138990281014359
3,8.2062,0.138992627141898
3,8.2131,0.139010653102767
3,8.22,0.139025887127286
3,8.2269,0.139011282528919
3,8.2338,0.138929536133914
3,8.2407,0.138830687432021
3,8.2476,0.138745924306861
3,8.2545,0.138711847154315
3,8.2614,0.138742744865602
3,8.2683,0.138793187268086
3,8.2752,0.138842036323567
3,8.2821,0.138836911459624
3,8.289,0.138791589849215
3,8.2959,0.138761135294761
3,8.3028,0.138719070753564
3,8.3097,0.138688810565045
3,8.3166,0.138671117018235
3,8.3235,0.138640321159812
3,8.3304,0.138600719647236
3,8.3373,0.138560785766791
3,8.3442,0.138529495320389
3,8.3511,0.138513432607704
3,8.358,0.138515440205079
3,8.3649,0.138564286958544
3,8.3718,0.138673029890077
3,8.3787,0.138787128991317
3,8.3856,0.138898041405618
3,8.3925,0.138967701322156
3,8.3994,0.138972208313749
3,8.4063,0.138959388721208
3,8.4132,0.138940261435218
3,8.4201,0.138945225698716
3,8.427,0.139008201934415
3,8.4339,0.139095749793109
3,8.4408,0.139209641417608
3,8.4477,0.139330126061053
3,8.4546,0.139464676955985
3,8.4615,0.139577439251516
3,8.4684,0.139676916968568
3,8.4753,0.139768812768763
3,8.4822,0.139830432852964
3,8.4891,0.139884801667571
3,8.496,0.139920694176657
3,8.5029,0.139909243515861
3,8.5098,0.139848691593933
3,8.5167,0.139818255545621
3,8.5236,0.139830244636131
3,8.5305,0.139870471361548
3,8.5374,0.13996976294468
3,8.5443,0.140081767432457
3,8.5512,0.140174354279832
3,8.5581,0.140251201305273
3,8.565,0.140283208150746
3,8.5719,0.140271223369997
3,8.5788,0.140268504326532
3,8.5857,0.140273506609889
3,8.5926,0.140301153139903
3,8.5995,0.14039607086559
3,8.6064,0.140485922127891
3,8.6133,0.140566711235724
3,8.6202,0.140639175486793
3,8.6271,0.140705490635941
3,8.634,0.14076871491815
3,8.6409,0.140813453040706
3,8.6478,0.140873749077357
3,8.6547,0.140912808105214
3,8.6616,0.140928111675503
3,8.6685,0.140937613102963
3,8.6754,0.140943361793886
3,8.6823,0.140948057740467
3,8.6892,0.140952476898281
3,8.6961,0.140952053237916
3,8.703,0.140956506840671
3,8.7099,0.140958776837919
3,8.7168,0.140973680398857
3,8.7237,0.140990916722381
3,8.7306,0.1410012834646
3,8.7375,0.140997933983744
3,8.7444,0.140966716827635
3,8.7513,0.140899024964754
3,8.7582,0.140831687205986
3,8.7651,0.140761305968557
3,8.772,0.140684540702325
3,8.7789,0.14060609155221
3,8.7858,0.14051396076403
3,8.7927,0.140421310457378
3,8.7996,0.140336159014302
3,8.8065,0.140259479689534
3,8.8134,0.140194297305893
3,8.8203,0.140128456438206
3,8.8272,0.140052380396568
3,8.8341,0.139960125718943
3,8.841,0.139822001757137
3,8.8479,0.139694957655694
3,8.8548,0.139553226032005
3,8.8617,0.139412094667485
3,8.8686,0.139264646201477
3,8.8755,0.139120356261682
3,8.8824,0.138976054490902
3,8.8893,0.138835253713028
3,8.8962,0.138699460424104
3,8.9031,0.138509755651576
3,8.91,0.138319059106569
3,8.92,0.00000
4,8.68,0.00000
4,8.69,0.145443312316214
4,8.698,0.145568817429205
4,8.706,0.145752568453486
4,8.714,0.145891091786156
4,8.722,0.146082839128766
4,8.73,0.146222326931197
4,8.738,0.146408166989858
4,8.746,0.146521113683121
4,8.754,0.146655909085728
4,8.762,0.146760904253275
4,8.77,0.14691542105953
4,8.778,0.147026212579559
4,8.786,0.147171582333789
4,8.794,0.147269964699657
4,8.802,0.147414325272456
4,8.81,0.147529100313113
4,8.818,0.147712524317641
4,8.826,0.147854010384126
4,8.834,0.148041712362225
4,8.842,0.148132778734544
4,8.85,0.148250413534863
4,8.858,0.148328717313428
4,8.866,0.148438403512393
4,8.874,0.148515188682666
4,8.882,0.148621334439216
4,8.89,0.148690757925037
4,8.898,0.148776633064638
4,8.906,0.148772951431562
4,8.914,0.148785674726126
4,8.922,0.148794429074942
4,8.93,0.148832156693435
4,8.938,0.148882516237707
4,8.946,0.148947829053647
4,8.954,0.148977228354748
4,8.962,0.149008429994091
4,8.97,0.148989997803408
4,8.978,0.148981319068143
4,8.986,0.148963071459461
4,8.994,0.148948327573776
4,9.002,0.148914889832197
4,9.01,0.148853108440481
4,9.018,0.148779583281869
4,9.026,0.14869663534073
4,9.034,0.148619038323626
4,9.042,0.148531949316746
4,9.05,0.14844617148616
4,9.058,0.148348182681238
4,9.066,0.148212966289962
4,9.074,0.148049646983572
4,9.082,0.147900195258136
4,9.09,0.147720456491979
4,9.098,0.147607734461661
4,9.106,0.147473845146291
4,9.114,0.14734255081844
4,9.122,0.147188184522956
4,9.13,0.147051653079471
4,9.138,0.146894288352704
4,9.146,0.146756380113493
4,9.154,0.146586821639454
4,9.162,0.146434184350081
4,9.17,0.146252919496996
4,9.178,0.146093772060146
4,9.186,0.145907657532269
4,9.194,0.145755406007491
4,9.202,0.145610996284524
4,9.21,0.14547480933605
4,9.218,0.145305198092398
4,9.226,0.145144495428782
4,9.234,0.144943022846006
4,9.242,0.14476253159996
4,9.25,0.144543380068925
4,9.258,0.14433849856395
4,9.266,0.144131078623966
4,9.274,0.143920361258606
4,9.282,0.143706247454246
4,9.29,0.143489502979043
4,9.298,0.143292921417161
4,9.306,0.143115289762152
4,9.314,0.14294770439848
4,9.322,0.142788717907151
4,9.33,0.142627807374913
4,9.338,0.142437762891932
4,9.346,0.142241907160968
4,9.354,0.142036555090825
4,9.362,0.141817502798191
4,9.37,0.141599151648493
4,9.378,0.141384313591705
4,9.386,0.141178350403856
4,9.394,0.140982837514679
4,9.402,0.140796192046521
4,9.41,0.140614910130805
4,9.418,0.140430414686337
4,9.426,0.140248108344964
4,9.434,0.140063867758088
4,9.442,0.139845966862463
4,9.45,0.13963221428518
4,9.458,0.139443173002485
4,9.466,0.139230480742423
4,9.474,0.139038464013965
4,9.482,0.138859312837599
4,9.49,0.138692442149025
4,9.498,0.138483780650823
4,9.506,0.138274091717955
4,9.514,0.138013409015656
4,9.522,0.137767497936307
4,9.53,0.137463951763804
4,9.538,0.137206250533445
4,9.546,0.136951430379841
4,9.554,0.136723752716456
4,9.562,0.136471266389071
4,9.57,0.136278606354803
4,9.578,0.136062162698748
4,9.586,0.13582669905464
4,9.594,0.135538235945845
4,9.602,0.13529472143418
4,9.61,0.134992944280965
4,9.618,0.134751746795646
4,9.626,0.134492160950003
4,9.634,0.134283468144201
4,9.642,0.134038088529855
4,9.65,0.13384650594861
4,9.658,0.133626202197556
4,9.666,0.133446228375195
4,9.674,0.133233607426699
4,9.682,0.133056294334771
4,9.69,0.132847922494971
4,9.698,0.132648197793583
4,9.706,0.132414945798854
4,9.714,0.132219590221636
4,9.722,0.131978580337361
4,9.73,0.131772282380048
4,9.738,0.13151805722054
4,9.746,0.131305995445354
4,9.754,0.131045327556494
4,9.762,0.13083331587834
4,9.77,0.130594258397603
4,9.778,0.130410128566708
4,9.786,0.130192283831959
4,9.794,0.13001528776045
4,9.802,0.129812554647889
4,9.81,0.129666943276851
4,9.818,0.129514345400482
4,9.826,0.129387300880797
4,9.834,0.129245681291035
4,9.842,0.12912754807172
4,9.85,0.128996531840504
4,9.858,0.128883519639272
4,9.866,0.128751183032341
4,9.874,0.128637122244595
4,9.882,0.128510322766543
4,9.89,0.128426694681566
4,9.898,0.128336132589814
4,9.906,0.128253697427849
4,9.914,0.128164315427085
4,9.922,0.128084394171785
4,9.93,0.12805752238318
4,9.938,0.128018121635963
4,9.946,0.127975775492935
4,9.954,0.127926556668189
4,9.962,0.12787959122116
4,9.97,0.127833669332896
4,9.978,0.127792590846906
4,9.986,0.127748462127176
4,9.994,0.127704708729778
4,10.002,0.127693130373942
4,10.01,0.127831817108202
4,10.018,0.127954909846767
4,10.026,0.128095685466563
4,10.034,0.128214418352138
4,10.042,0.128350765492156
4,10.05,0.128485792977834
4,10.058,0.128636157054006
4,10.066,0.128763459625422
4,10.074,0.128907265058096
4,10.082,0.129037557046468
4,10.09,0.1292771058416
4,10.098,0.129478149875478
4,10.106,0.129715896900759
4,10.114,0.129911416825922
4,10.122,0.130142882358121
4,10.13,0.130312658161413
4,10.138,0.130513048571645
4,10.146,0.130677485773722
4,10.154,0.130867307870153
4,10.162,0.131024876830118
4,10.17,0.131233504392147
4,10.178,0.131415400411566
4,10.186,0.131633705652282
4,10.194,0.131820286634432
4,10.202,0.132046208983227
4,10.21,0.132258226036907
4,10.218,0.132523816665226
4,10.226,0.132741447422485
4,10.234,0.132975550925618
4,10.242,0.133204684600537
4,10.25,0.133452339745998
4,10.258,0.133681532778041
4,10.266,0.133890494464102
4,10.274,0.134138654710087
4,10.282,0.13436357297145
4,10.29,0.134585664804006
4,10.30,0.00000
5,9.90,0.00000
5,9.91,0.131221060703314
5,9.91985,0.13101630443472
5,9.9297,0.130878751735634
5,9.93955,0.130770458619495
5,9.9494,0.130675460610334
5,9.95925,0.130586495889606
5,9.9691,0.130497778711187
5,9.97895,0.130408145050982
5,9.9888,0.13031357909644
5,9.99865,0.130216617099461
5,10.0085,0.130303672420361
5,10.01835,0.130425688156059
5,10.0282,0.130562419782032
5,10.03805,0.130733500889918
5,10.0479,0.13095520128454
5,10.05775,0.13122856456738
5,10.0676,0.131508570850108
5,10.07745,0.13177558412316
5,10.0873,0.132094219763451
5,10.09715,0.132442284642284
5,10.107,0.132794523485219
5,10.11685,0.133131650213409
5,10.1267,0.133494936669352
5,10.13655,0.133848893749669
5,10.1464,0.134210683880898
5,10.15625,0.134576163447613
5,10.1661,0.134957810660529
5,10.17595,0.135332960928896
5,10.1858,0.135740583631497
5,10.19565,0.136143755184122
5,10.2055,0.136544245254616
5,10.21535,0.136972730358295
5,10.2252,0.137400140003855
5,10.23505,0.137828319620826
5,10.2449,0.138222338442745
5,10.25475,0.138648174043011
5,10.2646,0.139073491197713
5,10.27445,0.139501672444364
5,10.2843,0.139933463810164
5,10.29415,0.140365554610098
5,10.304,0.140793691984054
5,10.31385,0.141181032787129
5,10.3237,0.141593522490297
5,10.33355,0.141988041774523
5,10.3434,0.142346789006531
5,10.35325,0.142701586659749
5,10.3631,0.143054968402416
5,10.37295,0.14338345346324
5,10.3828,0.14370913346544
5,10.39265,0.144034995047093
5,10.4025,0.14436544745035
5,10.41235,0.144695786884362
5,10.4222,0.144979036220846
5,10.43205,0.145209720257493
5,10.4419,0.145406899736848
5,10.45175,0.145594728956088
5,10.4616,0.145765467981441
5,10.47145,0.145928173090922
5,10.4813,0.146090881289012
5,10.49115,0.146261197826831
5,10.501,0.146405057632235
5,10.51085,0.146224154365855
5,10.5207,0.146021428986294
5,10.53055,0.145816103590955
5,10.5404,0.14560721848972
5,10.55025,0.145387435575286
5,10.5601,0.145129308472023
5,10.56995,0.144867523113281
5,10.5798,0.144591981811619
5,10.58965,0.144308768688556
5,10.5995,0.14396057065393
5,10.60935,0.143566871296075
5,10.6192,0.143173037614595
5,10.62905,0.14277789721405
5,10.6389,0.142397996043216
5,10.64875,0.141994707915613
5,10.6586,0.141586061670543
5,10.66845,0.141171722814964
5,10.6783,0.140754041696906
5,10.68815,0.14032092307208
5,10.698,0.139867552115732
5,10.70785,0.139440425276486
5,10.7177,0.138994527487692
5,10.72755,0.138555691257006
5,10.7374,0.138101189797474
5,10.74725,0.137643790003848
5,10.7571,0.137185589837092
5,10.76695,0.136748349880605
5,10.7768,0.136283288617923
5,10.78665,0.135818283035664
5,10.7965,0.13535562903304
5,10.80635,0.134898419168273
5,10.8162,0.134444365214931
5,10.82605,0.134012487421341
5,10.8359,0.133639146985236
5,10.84575,0.133246369516754
5,10.8556,0.132853803166022
5,10.86545,0.132463160714133
5,10.8753,0.13204438097689
5,10.88515,0.131600078732002
5,10.895,0.131157757023654
5,10.90485,0.130741149807021
5,10.9147,0.130306238703476
5,10.92455,0.129944704508978
5,10.9344,0.12962509285425
5,10.94425,0.129318136987849
5,10.9541,0.129021808374428
5,10.96395,0.128740955904489
5,10.9738,0.128452344852829
5,10.98365,0.128156760579838
5,10.9935,0.127854196614068
5,11.00335,0.127578167254199
5,11.0132,0.127362699649351
5,11.02305,0.127208511080902
5,11.0329,0.127060870523897
5,11.04275,0.126912467426678
5,11.0526,0.12676755724638
5,11.06245,0.126627882992522
5,11.0723,0.126493355638781
5,11.08215,0.126361457130324
5,11.092,0.126231267505555
5,11.10185,0.126104618810386
5,11.1117,0.125978742515039
5,11.12155,0.125969536559992
5,11.1314,0.125965548778849
5,11.14125,0.125967167512721
5,11.1511,0.125983234344859
5,11.16095,0.125997906045286
5,11.1708,0.126008351744994
5,11.18065,0.126019569999867
5,11.1905,0.12602777113519
5,11.20035,0.12602908996019
5,11.2102,0.126022237071877
5,11.22005,0.126061393748492
5,11.2299,0.126087558774061
5,11.23975,0.126129755950464
5,11.2496,0.126176586596917
5,11.25945,0.12623100066272
5,11.2693,0.126276465561931
5,11.27915,0.126325134610303
5,11.289,0.12637864852413
5,11.29885,0.126413121379812
5,11.3087,0.126456200224103
5,11.31855,0.126523478651868
5,11.3284,0.126609537321968
5,11.33825,0.126696964240766
5,11.3481,0.126789250271435
5,11.35795,0.126865449790794
5,11.3678,0.126947744992788
5,11.37765,0.126997234630906
5,11.3875,0.127047025961524
5,11.39735,0.127095294214478
5,11.4072,0.127141718655022
5,11.41705,0.12719126377494
5,11.4269,0.127245064973186
5,11.43675,0.127317756665089
5,11.4466,0.127389258926612
5,11.45645,0.127457088224491
5,11.4663,0.127522045595537
5,11.47615,0.127516731586437
5,11.486,0.127495298313414
5,11.49585,0.127463539717476
5,11.5057,0.12750955893686
5,11.51555,0.127605398736383
5,11.5254,0.127703344977849
5,11.53525,0.127803110893423
5,11.5451,0.127904244775112
5,11.55495,0.127996465500922
5,11.5648,0.128094118909435
5,11.57465,0.128186542181827
5,11.5845,0.128217182996134
5,11.59435,0.128240367652192
5,11.6042,0.128258124838528
5,11.61405,0.128271907638153
5,11.6239,0.128283811442389
5,11.63375,0.128271637185379
5,11.6436,0.128233496981632
5,11.65345,0.12819691154468
5,11.6633,0.128159023223552
5,11.67315,0.128119784699842
5,11.683,0.128076689270137
5,11.69285,0.128015387124881
5,11.7027,0.127938964562694
5,11.71255,0.127856018107926
5,11.7224,0.127763391181613
5,11.73225,0.127662497438211
5,11.7421,0.127547098580752
5,11.75195,0.127431662616472
5,11.7618,0.127312433090991
5,11.77165,0.127201628983252
5,11.7815,0.127097302931715
5,11.79135,0.126996656359469
5,11.8012,0.126850921716509
5,11.81105,0.126689844215847
5,11.8209,0.126539346759262
5,11.83075,0.126365214335836
5,11.8406,0.1261895036881
5,11.85045,0.126011753897962
5,11.8603,0.125820419204197
5,11.87015,0.125631413675821
5,11.88,0.125442161764161
5,11.89,0.00000
6,11.51,0.00000
6,11.52,0.111844194884077
6,11.53055,0.111810231622733
6,11.5411,0.111763949762818
6,11.55165,0.111730237462203
6,11.5622,0.111680875215651
6,11.57275,0.111639263393513
6,11.5833,0.111574663783915
6,11.59385,0.111518150062717
6,11.6044,0.111451007543835
6,11.61495,0.111400955117942
6,11.6255,0.111334114239234
6,11.63605,0.111259221299362
6,11.6466,0.111186291013358
6,11.65715,0.111090190028167
6,11.6677,0.110997390966276
6,11.67825,0.11085783008582
6,11.6888,0.110706131647019
6,11.69935,0.110475738494178
6,11.7099,0.110233213969929
6,11.72045,0.109885667801674
6,11.731,0.109445531295503
6,11.74155,0.108972611006237
6,11.7521,0.10836029575307
6,11.76265,0.107789403538668
6,11.7732,0.107198191606845
6,11.78375,0.106762790739635
6,11.7943,0.106414599567264
6,11.80485,0.106250203370808
6,11.8154,0.106177673648943
6,11.82595,0.106183018836363
6,11.8365,0.106189058411538
6,11.84705,0.106139148174203
6,11.8576,0.106011590354763
6,11.86815,0.10574602785019
6,11.8787,0.105404048610897
6,11.88925,0.104909166093351
6,11.8998,0.104394985501782
6,11.91035,0.103784245111971
6,11.9209,0.103242106000034
6,11.93145,0.102682539598115
6,11.942,0.102211921271283
6,11.95255,0.101880543029075
6,11.9631,0.101611398627169
6,11.97365,0.101478307143055
6,11.9842,0.101439808214088
6,11.99475,0.101525930686179
6,12.0053,0.101695631048856
6,12.01585,0.101918053290483
6,12.0264,0.102251681080643
6,12.03695,0.102611430926554
6,12.0475,0.103038304078396
6,12.05805,0.103456540642999
6,12.0686,0.103812618054745
6,12.07915,0.104169897625188
6,12.0897,0.10447034520543
6,12.10025,0.104789971640995
6,12.1108,0.105095978259733
6,12.12135,0.105469247749263
6,12.1319,0.105871927465147
6,12.14245,0.106398596634872
6,12.153,0.106994538848144
6,12.16355,0.107584966978494
6,12.1741,0.108232856565672
6,12.18465,0.108793222953093
6,12.1952,0.109357203196693
6,12.20575,0.109801440307775
6,12.2163,0.110225664147533
6,12.22685,0.110557346909465
6,12.2374,0.11086850725362
6,12.24795,0.111104221507934
6,12.2585,0.111307461297801
6,12.26905,0.111437046277568
6,12.2796,0.111473915531
6,12.29015,0.111401761653703
6,12.3007,0.11122108363953
6,12.31125,0.110883364628473
6,12.3218,0.110468841794403
6,12.33235,0.109933843332058
6,12.3429,0.10942572760534
6,12.35345,0.108937330378032
6,12.364,0.108578161313473
6,12.37455,0.108409076336183
6,12.3851,0.108418590340335
6,12.39565,0.10857868415041
6,12.4062,0.108890242074512
6,12.41675,0.109227216612662
6,12.4273,0.10959466552414
6,12.43785,0.109887517905526
6,12.4484,0.110127598183303
6,12.45895,0.110286052646575
6,12.4695,0.110407955732323
6,12.48005,0.110513556529719
6,12.4906,0.110629343683896
6,12.50115,0.110801133910506
6,12.5117,0.111053969740945
6,12.52225,0.111391090396983
6,12.5328,0.111755843679818
6,12.54335,0.112200550616796
6,12.5539,0.112633426044201
6,12.56445,0.113118913501762
6,12.575,0.113602732060738
6,12.58555,0.114035096891912
6,12.5961,0.114493038775005
6,12.60665,0.114897252977417
6,12.6172,0.115316387417139
6,12.62775,0.115679886258083
6,12.6383,0.116042375627439
6,12.64885,0.116343674613468
6,12.6594,0.116633214502731
6,12.66995,0.116862669905937
6,12.6805,0.117073594875726
6,12.69105,0.117248462965987
6,12.7016,0.117381020799708
6,12.71215,0.117496897911031
6,12.7227,0.117586363774175
6,12.73325,0.117663170841544
6,12.7438,0.117730503400484
6,12.75435,0.117791608614709
6,12.7649,0.11785309776378
6,12.77545,0.117904378948955
6,12.786,0.117936693092246
6,12.79655,0.117930053914448
6,12.8071,0.117843529581416
6,12.81765,0.117687698125043
6,12.8282,0.117371839640255
6,12.83875,0.116949539783077
6,12.8493,0.116300748812378
6,12.85985,0.115554496501235
6,12.8704,0.114564502378188
6,12.88095,0.113555793736801
6,12.8915,0.112396120047166
6,12.90205,0.11124317155352
6,12.9126,0.110310137646294
6,12.92315,0.109465841404541
6,12.9337,0.108927587998499
6,12.94425,0.108627085801641
6,12.9548,0.108612392070671
6,12.96535,0.108860311895612
6,12.9759,0.109249969648454
6,12.98645,0.109811506420986
6,12.997,0.110397145002722
6,13.00755,0.110789027352602
6,13.0181,0.111088855408286
6,13.02865,0.111210338148299
6,13.0392,0.111206410417164
6,13.04975,0.111047238695978
6,13.0603,0.110746731001958
6,13.07085,0.110357351681534
6,13.0814,0.109865196892959
6,13.09195,0.109375046070339
6,13.1025,0.10884678148823
6,13.11305,0.10837785295757
6,13.1236,0.108003499563795
6,13.13415,0.107693749690092
6,13.1447,0.107460853696286
6,13.15525,0.107271577410491
6,13.1658,0.10706647067654
6,13.17635,0.106788174518811
6,13.1869,0.106414834747689
6,13.19745,0.105856099551016
6,13.208,0.105126767718507
6,13.21855,0.104335367300833
6,13.2291,0.103388553591239
6,13.23965,0.102486199562868
6,13.2502,0.101534984687438
6,13.26075,0.10071859386948
6,13.2713,0.0999128233165711
6,13.28185,0.0992307042953933
6,13.2924,0.0985348635144231
6,13.30295,0.0979000664584821
6,13.3135,0.0971999132096516
6,13.32405,0.0964868586459548
6,13.3346,0.0958458501127155
6,13.34515,0.0951959888379535
6,13.3557,0.0947095497490894
6,13.36625,0.0943277920785841
6,13.3768,0.0941695475162187
6,13.38735,0.0942098623906659
6,13.3979,0.0944365159621218
6,13.40845,0.0948645117354044
6,13.419,0.0954482554913035
6,13.42955,0.0960452843787723
6,13.4401,0.0967673899551335
6,13.45065,0.0974117033390515
6,13.4612,0.0980981985158493
6,13.47175,0.0986604373260153
6,13.4823,0.0992098375064066
6,13.49285,0.0996365841118912
6,13.5034,0.100123035215751
6,13.51395,0.100672521707328
6,13.5245,0.101209587036787
6,13.53505,0.101685888401533
6,13.5456,0.102094509448991
6,13.55615,0.102474667472607
6,13.5667,0.102784679508422
6,13.57725,0.103045841442543
6,13.5878,0.103224965276604
6,13.59835,0.103337383224041
6,13.6089,0.103373960735983
6,13.61945,0.103304330385495
6,13.63,0.103136488528689
6,13.64,0.00000
7,13.30,0.00000
7,13.31,0.118730872519923
7,13.3222,0.118232929915045
7,13.3344,0.117688713998929
7,13.3466,0.117144598387182
7,13.3588,0.116698184176833
7,13.371,0.116391144835666
7,13.3832,0.116314604715865
7,13.3954,0.116458689689406
7,13.4076,0.11680009128375
7,13.4198,0.117314019733767
7,13.432,0.11799045203255
7,13.4442,0.118660424648924
7,13.4564,0.119337150967565
7,13.4686,0.119965809883657
7,13.4808,0.12053068423449
7,13.493,0.12105907656085
7,13.5052,0.121592123134357
7,13.5174,0.122240181276537
7,13.5296,0.122809328750964
7,13.5418,0.123307805713032
7,13.554,0.123755472130032
7,13.5662,0.124123932831096
7,13.5784,0.1244361848277
7,13.5906,0.124684409047404
7,13.6028,0.124860864271445
7,13.615,0.124925288388041
7,13.6272,0.124895518919079
7,13.6394,0.124754760679918
7,13.6516,0.124510641498827
7,13.6638,0.124186540921677
7,13.676,0.123755658138089
7,13.6882,0.123393983014488
7,13.7004,0.123099062605562
7,13.7126,0.122931656065215
7,13.7248,0.122946696113517
7,13.737,0.123154818693409
7,13.7492,0.12355440335085
7,13.7614,0.124065075781318
7,13.7736,0.12464779711152
7,13.7858,0.125209225508179
7,13.798,0.125706771617864
7,13.8102,0.126057474669442
7,13.8224,0.126232504240419
7,13.8346,0.126256987567937
7,13.8468,0.126131088487152
7,13.859,0.125920176640666
7,13.8712,0.125763220834204
7,13.8834,0.125723219858657
7,13.8956,0.125897267285929
7,13.9078,0.126307878783337
7,13.92,0.127019095094436
7,13.9322,0.127875825075609
7,13.9444,0.128868942437053
7,13.9566,0.129871120124942
7,13.9688,0.130847202253557
7,13.981,0.131784718555199
7,13.9932,0.132557792620701
7,14.0054,0.133268344335751
7,14.0176,0.133943538307157
7,14.0298,0.134543771894324
7,14.042,0.135100919725077
7,14.0542,0.135593833727182
7,14.0664,0.136045309529528
7,14.0786,0.136458464254313
7,14.0908,0.136836323548324
7,14.103,0.137182175175789
7,14.1152,0.13750036997261
7,14.1274,0.137803144601909
7,14.1396,0.138094995549799
7,14.1518,0.13839491449934
7,14.164,0.138710048757118
7,14.1762,0.139058893648053
7,14.1884,0.139444354525995
7,14.2006,0.139869067289843
7,14.2128,0.140319236822075
7,14.225,0.140789247319138
7,14.2372,0.141229478613978
7,14.2494,0.14163196649291
7,14.2616,0.141989757159548
7,14.2738,0.142301967627396
7,14.286,0.142572874485104
7,14.2982,0.142827763264264
7,14.3104,0.143083167972688
7,14.3226,0.143344289263515
7,14.3348,0.143630078058704
7,14.347,0.143939641705296
7,14.3592,0.144278533942638
7,14.3714,0.144633485484314
7,14.3836,0.145001800320188
7,14.3958,0.145369098099764
7,14.408,0.145742172893836
7,14.4202,0.146105429738779
7,14.4324,0.146468255662924
7,14.4446,0.146824197248018
7,14.4568,0.147166895684643
7,14.469,0.147491791285534
7,14.4812,0.147799028907674
7,14.4934,0.148098536808796
7,14.5056,0.148266753282896
7,14.5178,0.148297641766229
7,14.53,0.148371654685341
7,14.5422,0.148475328302128
7,14.5544,0.148604514412368
7,14.5666,0.148732177048324
7,14.5788,0.148846971329
7,14.591,0.14893148115042
7,14.6032,0.148973872740231
7,14.6154,0.148977005438016
7,14.6276,0.148948333585143
7,14.6398,0.148889716217492
7,14.652,0.148801424833853
7,14.6642,0.148703212944588
7,14.6764,0.148591828018447
7,14.6886,0.148467343989135
7,14.7008,0.148331298311858
7,14.713,0.14816664911738
7,14.7252,0.148006047866818
7,14.7374,0.147849177350863
7,14.7496,0.147704978830643
7,14.7618,0.147591661661697
7,14.774,0.147504187439595
7,14.7862,0.1474645921046
7,14.7984,0.147439874584037
7,14.8106,0.147426535597002
7,14.8228,0.147402274164945
7,14.835,0.147357344110649
7,14.8472,0.147286887053642
7,14.8594,0.14717347593488
7,14.8716,0.146996372345414
7,14.8838,0.146747356862364
7,14.896,0.146373742890147
7,14.9082,0.145991527817511
7,14.9204,0.145578707073261
7,14.9326,0.145248677114003
7,14.9448,0.145008692138029
7,14.957,0.144928923648296
7,14.9692,0.144997138455847
7,14.9814,0.145176110407508
7,14.9936,0.145409325171292
7,15.0058,0.145583385315497
7,15.018,0.145665461014241
7,15.0302,0.1456527529622
7,15.0424,0.145569044982189
7,15.0546,0.145411196803457
7,15.0668,0.145208746734253
7,15.079,0.144952319630621
7,15.0912,0.144686415009936
7,15.1034,0.144404917818013
7,15.1156,0.144114375480607
7,15.1278,0.143818573925357
7,15.14,0.143510530892403
7,15.1522,0.143236375613624
7,15.1644,0.142992013605486
7,15.1766,0.142780417498691
7,15.1888,0.142610150281641
7,15.201,0.142464263986204
7,15.2132,0.142348010564321
7,15.2254,0.142234844722053
7,15.2376,0.142118175409672
7,15.2498,0.141986414054825
7,15.262,0.141830049881951
7,15.2742,0.141663629669461
7,15.2864,0.141484792064733
7,15.2986,0.141300415725535
7,15.3108,0.141112615538653
7,15.323,0.140923300696685
7,15.3352,0.140747233977774
7,15.3474,0.140580924340028
7,15.3596,0.140423579609971
7,15.3718,0.14027673148086
7,15.384,0.140135888585301
7,15.3962,0.140007373794137
7,15.4084,0.139882145655786
7,15.4206,0.139755777827698
7,15.4328,0.139624585821294
7,15.445,0.139478137072566
7,15.4572,0.139325830182496
7,15.4694,0.139163122598693
7,15.4816,0.138996320756447
7,15.4938,0.138830100328997
7,15.506,0.138626914893044
7,15.5182,0.138400475217281
7,15.5304,0.138185767908027
7,15.5426,0.137982803443447
7,15.5548,0.137786044687839
7,15.567,0.137591260599403
7,15.5792,0.137398269757384
7,15.5914,0.137203484315764
7,15.6036,0.137008121703322
7,15.6158,0.136813445924667
7,15.628,0.136614462360372
7,15.6402,0.136414636170873
7,15.6524,0.136207944380875
7,15.6646,0.135991423434712
7,15.6768,0.135763218241033
7,15.689,0.13551278380736
7,15.7012,0.135263650490736
7,15.7134,0.135012598143701
7,15.7256,0.134777195051227
7,15.7378,0.134561999058621
7,15.75,0.134374024770111
7,15.76,0.00000
8,15.36,0.00000
8,15.37,0.156781666854131
8,15.3841,0.156654039293984
8,15.3982,0.156544565281535
8,15.4123,0.156449880060864
8,15.4264,0.156374234414851
8,15.4405,0.15630935619725
8,15.4546,0.156257041194291
8,15.4687,0.156209061104894
8,15.4828,0.156167159162885
8,15.4969,0.156123730074098
8,15.511,0.156003074807084
8,15.5251,0.155849757853536
8,15.5392,0.155694050482576
8,15.5533,0.155531324484614
8,15.5674,0.155364875393509
8,15.5815,0.155194126416666
8,15.5956,0.155019126859994
8,15.6097,0.154835878846122
8,15.6238,0.154641546148605
8,15.6379,0.154433011584666
8,15.652,0.154207201090274
8,15.6661,0.153968198561132
8,15.6802,0.153722911875754
8,15.6943,0.153478025468397
8,15.7084,0.153246190936152
8,15.7225,0.153035692019514
8,15.7366,0.152854818569534
8,15.7507,0.152701925966375
8,15.7648,0.152575331661389
8,15.7789,0.152461638064081
8,15.793,0.152365725020794
8,15.8071,0.152254737354415
8,15.8212,0.152131514293066
8,15.8353,0.151985823646202
8,15.8494,0.151816238333702
8,15.8635,0.151614779064044
8,15.8776,0.151387186105877
8,15.8917,0.151129782125903
8,15.9058,0.15085330429921
8,15.9199,0.150559419221646
8,15.934,0.15026551509894
8,15.9481,0.149985321689691
8,15.9622,0.149731104703436
8,15.9763,0.14950052286843
8,15.9904,0.14929390002641
8,16.0045,0.149162074613495
8,16.0186,0.149179752236345
8,16.0327,0.14917932527638
8,16.0468,0.149154793947317
8,16.0609,0.149099965519918
8,16.075,0.149011571196864
8,16.0891,0.14890944180252
8,16.1032,0.148797705203258
8,16.1173,0.148687555731682
8,16.1314,0.148582515715135
8,16.1455,0.148487175566488
8,16.1596,0.148402843243873
8,16.1737,0.148329104208292
8,16.1878,0.148264840518959
8,16.2019,0.148210773907376
8,16.216,0.14816466905848
8,16.2301,0.148132862214463
8,16.2442,0.148111033564824
8,16.2583,0.148096031026279
8,16.2724,0.148088277819689
8,16.2865,0.148082622610541
8,16.3006,0.148079044476049
8,16.3147,0.148068939611719
8,16.3288,0.148061706973485
8,16.3429,0.148050304608266
8,16.357,0.148037089036691
8,16.3711,0.148024681296427
8,16.3852,0.148008508026772
8,16.3993,0.147992076599382
8,16.4134,0.147968994153847
8,16.4275,0.147948144657522
8,16.4416,0.147918302366845
8,16.4557,0.147889099517454
8,16.4698,0.14785661728032
8,16.4839,0.147821953284292
8,16.498,0.147784508998668
8,16.5121,0.147819575452626
8,16.5262,0.147859438499978
8,16.5403,0.147884585172075
8,16.5544,0.147905429451914
8,16.5685,0.147918193757518
8,16.5826,0.147928854772256
8,16.5967,0.147939009704099
8,16.6108,0.147965856735722
8,16.6249,0.148006794559394
8,16.639,0.148079470585581
8,16.6531,0.148173572775601
8,16.6672,0.148293816142729
8,16.6813,0.148436426481207
8,16.6954,0.148590669624219
8,16.7095,0.148749069366779
8,16.7236,0.148895890080844
8,16.7377,0.149029903779306
8,16.7518,0.149140348561054
8,16.7659,0.149222093372031
8,16.78,0.149276932658885
8,16.7941,0.149299167605554
8,16.8082,0.149302633932669
8,16.8223,0.149285013425883
8,16.8364,0.149262104781078
8,16.8505,0.149244736043227
8,16.8646,0.14923944899886
8,16.8787,0.149275358941785
8,16.8928,0.149350291246031
8,16.9069,0.149476505431573
8,16.921,0.149653705453643
8,16.9351,0.149866096420747
8,16.9492,0.150100667021674
8,16.9633,0.150336678867992
8,16.9774,0.150563614869469
8,16.9915,0.150762259934819
8,17.0056,0.150859019949056
8,17.0197,0.150813471284092
8,17.0338,0.150748392369034
8,17.0479,0.150671732969058
8,17.062,0.150591804432428
8,17.0761,0.150519100328317
8,17.0902,0.150453024926296
8,17.1043,0.150393568778839
8,17.1184,0.150332741793961
8,17.1325,0.150271081618477
8,17.1466,0.150202732376055
8,17.1607,0.15012687595089
8,17.1748,0.150046655843382
8,17.1889,0.149967607838974
8,17.203,0.149895294073557
8,17.2171,0.149834729611228
8,17.2312,0.149790641537384
8,17.2453,0.149757908230187
8,17.2594,0.14973246643532
8,17.2735,0.149714535791624
8,17.2876,0.149693345383296
8,17.3017,0.149669564670938
8,17.3158,0.149638671333706
8,17.3299,0.14960674658433
8,17.344,0.149585504585001
8,17.3581,0.149564127895743
8,17.3722,0.149557761031772
8,17.3863,0.14956241893428
8,17.4004,0.149576339703489
8,17.4145,0.149598332449597
8,17.4286,0.149613765718702
8,17.4427,0.149621165308495
8,17.4568,0.149606867539345
8,17.4709,0.149568844264591
8,17.485,0.149508871625458
8,17.4991,0.149416501785354
8,17.5132,0.149227961935679
8,17.5273,0.149021374528222
8,17.5414,0.148810602250853
8,17.5555,0.148612115271392
8,17.5696,0.148425166938014
8,17.5837,0.148266524007878
8,17.5978,0.148131789277825
8,17.6119,0.148029605605495
8,17.626,0.14796961372336
8,17.6401,0.147921516232645
8,17.6542,0.147899570949503
8,17.6683,0.147884299356274
8,17.6824,0.147868979254421
8,17.6965,0.147844545945575
8,17.7106,0.14779884293052
8,17.7247,0.147733157780371
8,17.7388,0.147638673218899
8,17.7529,0.14751314255652
8,17.767,0.147370891839623
8,17.7811,0.147201283722529
8,17.7952,0.147017486260708
8,17.8093,0.146818958533916
8,17.8234,0.146615365625547
8,17.8375,0.146409421166789
8,17.8516,0.146200223824539
8,17.8657,0.145987737963269
8,17.8798,0.145777425818245
8,17.8939,0.145566884430861
8,17.908,0.145352579380432
8,17.9221,0.145139189121906
8,17.9362,0.144930677074568
8,17.9503,0.144726475578346
8,17.9644,0.144534550757285
8,17.9785,0.144351626874108
8,17.9926,0.144185869443077
8,18.0067,0.144096934129806
8,18.0208,0.144084270298167
8,18.0349,0.144083383522777
8,18.049,0.144094180591728
8,18.0631,0.144093782438917
8,18.0772,0.144089967092222
8,18.0913,0.144072537688063
8,18.1054,0.144036907537956
8,18.1195,0.143986971232129
8,18.1336,0.143920490432707
8,18.1477,0.143835174489658
8,18.1618,0.143743388316772
8,18.1759,0.143640626688721
8,18.19,0.143527413221687
8,18.20,0.00000
9,17.64,0.00000
9,17.65,0.0325408428114926
9,17.6673,0.0325006336302435
9,17.6846,0.0324570066053176
9,17.7019,0.0324076986725714
9,17.7192,0.032347868485979
9,17.7365,0.0322794756724906
9,17.7538,0.0322018902053347
9,17.7711,0.0321165062038462
9,17.7884,0.0320277730188227
9,17.8057,0.0319367935436034
9,17.823,0.0318408935703499
9,17.8403,0.0317458353413503
9,17.8576,0.0316490543400927
9,17.8749,0.0315503586992865
9,17.8922,0.031447839879956
9,17.9095,0.0313474785818459
9,17.9268,0.0312492216134384
9,17.9441,0.0311511475189746
9,17.9614,0.0310606361817723
9,17.9787,0.0309750700467245
9,17.996,0.0308912914511953
9,18.0133,0.0308373498239165
9,18.0306,0.0307899435749179
9,18.0479,0.0307410520701161
9,18.0652,0.0306847390002707
9,18.0825,0.0306257691123857
9,18.0998,0.0305607440602181
9,18.1171,0.0304886835383192
9,18.1344,0.0304167984703753
9,18.1517,0.0303453590333556
9,18.169,0.0302760887058206
9,18.1863,0.0302083350713557
9,18.2036,0.0301488034623069
9,18.2209,0.0300954391086718
9,18.2382,0.0300464815176288
9,18.2555,0.0300089062677423
9,18.2728,0.0299805877893371
9,18.2901,0.0299684375526109
9,18.3074,0.0299723056335528
9,18.3247,0.0299940325554084
9,18.342,0.0300367199065342
9,18.3593,0.0300857009278754
9,18.3766,0.0301427114344657
9,18.3939,0.0301939847739286
9,18.4112,0.0302427991589925
9,18.4285,0.0302716446078786
9,18.4458,0.0302858323818624
9,18.4631,0.0302839961586727
9,18.4804,0.0302661910168937
9,18.4977,0.0302374199603574
9,18.515,0.0301409836979328
9,18.5323,0.0300290182763365
9,18.5496,0.0299146521922585
9,18.5669,0.029801433773983
9,18.5842,0.0296882175958809
9,18.6015,0.029582678215738
9,18.6188,0.0294829860139632
9,18.6361,0.029391694237823
9,18.6534,0.0293091305246928
9,18.6707,0.0292352597176979
9,18.688,0.0291698296936955
9,18.7053,0.0291084653415767
9,18.7226,0.029050810888941
9,18.7399,0.0289924494917417
9,18.7572,0.028934310092889
9,18.7745,0.0288691015217952
9,18.7918,0.0287985840260681
9,18.8091,0.0287204293313689
9,18.8264,0.0286339952277561
9,18.8437,0.0285365676244551
9,18.861,0.0284282366614689
9,18.8783,0.0283002161270685
9,18.8956,0.0281584031316827
9,18.9129,0.0280014637360393
9,18.9302,0.0278235668549202
9,18.9475,0.0276511960875133
9,18.9648,0.027477744884586
9,18.9821,0.0273203137805949
9,18.9994,0.0271887053792504
9,19.0167,0.027125632012418
9,19.034,0.0270963552687643
9,19.0513,0.0270848279142649
9,19.0686,0.0270923874225465
9,19.0859,0.0270998748123379
9,19.1032,0.0271018734464706
9,19.1205,0.0270841317219733
9,19.1378,0.0270374211795733
9,19.1551,0.0269602045271889
9,19.1724,0.0268495979286932
9,19.1897,0.026710899350444
9,19.207,0.0265511453460512
9,19.2243,0.0263645222028682
9,19.2416,0.0261897132388167
9,19.2589,0.0260165626826604
9,19.2762,0.0258648603459735
9,19.2935,0.0257460889773784
9,19.3108,0.0256651996973939
9,19.3281,0.0256263569457996
9,19.3454,0.0256211317066667
9,19.3627,0.0256516753659221
9,19.38,0.0257057995231561
9,19.3973,0.0257653481696578
9,19.4146,0.0258261274242169
9,19.4319,0.0258694993114162
9,19.4492,0.0259015290330633
9,19.4665,0.0259026436950698
9,19.4838,0.0258795651816985
9,19.5011,0.0258365877172286
9,19.5184,0.0258108597117846
9,19.5357,0.0257702816887504
9,19.553,0.0257159995965051
9,19.5703,0.0256445981777064
9,19.5876,0.0255664812374005
9,19.6049,0.0254769182205018
9,19.6222,0.0253685932025196
9,19.6395,0.0252551957639649
9,19.6568,0.0251326860662247
9,19.6741,0.0249924749144918
9,19.6914,0.024858633853472
9,19.7087,0.0247221231218198
9,19.726,0.0245822215717474
9,19.7433,0.0244567260751118
9,19.7606,0.0243401673524723
9,19.7779,0.0242360627240621
9,19.7952,0.0241393804539466
9,19.8125,0.0240675097516754
9,19.8298,0.0240129539463732
9,19.8471,0.0239823444149124
9,19.8644,0.0239799058705386
9,19.8817,0.0240042596790756
9,19.899,0.02406333579512
9,19.9163,0.0241442541249071
9,19.9336,0.02424447589204
9,19.9509,0.0243628105723144
9,19.9682,0.0244835717151717
9,19.9855,0.024597538249618
9,20.0028,0.0246912405758623
9,20.0201,0.0247612531889121
9,20.0374,0.0248007422976061
9,20.0547,0.0248067322133931
9,20.072,0.0247812695584912
9,20.0893,0.0247354880885119
9,20.1066,0.0246662855201077
9,20.1239,0.024587536549581
9,20.1412,0.024495083186105
9,20.1585,0.0244046002231372
9,20.1758,0.0243176496639089
9,20.1931,0.0242278368032309
9,20.2104,0.0241524222216485
9,20.2277,0.0240843746655037
9,20.245,0.0240294523191294
9,20.2623,0.0239864922560527
9,20.2796,0.0239623272398736
9,20.2969,0.0239585689063361
9,20.3142,0.0239748579921572
9,20.3315,0.0240083216675386
9,20.3488,0.024061454642428
9,20.3661,0.0241289666195708
9,20.3834,0.0242010157469004
9,20.4007,0.0242783635233808
9,20.418,0.0243530477097016
9,20.4353,0.0244196683204729
9,20.4526,0.0244757808113909
9,20.4699,0.0245188295288251
9,20.4872,0.0245526555212054
9,20.5045,0.0245570111185224
9,20.5218,0.024502655641596
9,20.5391,0.0244440756696208
9,20.5564,0.024379604087128
9,20.5737,0.0243150361352501
9,20.591,0.0242546300791327
9,20.6083,0.0241977116490837
9,20.6256,0.0241498790741134
9,20.6429,0.024110986728264
9,20.6602,0.0240821580542594
9,20.6775,0.0240615302004637
9,20.6948,0.0240479557525252
9,20.7121,0.0240375441659774
9,20.7294,0.0240267056164255
9,20.7467,0.0240107916234248
9,20.764,0.0239884398098308
9,20.7813,0.0239560211138949
9,20.7986,0.0239116953149182
9,20.8159,0.0238561366240703
9,20.8332,0.0237892857473804
9,20.8505,0.0237111605262247
9,20.8678,0.0236229565615994
9,20.8851,0.0235247080907858
9,20.9024,0.0234199315040253
9,20.9197,0.0233090636122334
9,20.937,0.0231938334945962
9,20.9543,0.0230695652261969
9,20.9716,0.0229427883256555
9,20.9889,0.022811471289593
9,21.0062,0.0226994270133414
9,21.0235,0.0226384578545247
9,21.0408,0.0225665359938183
9,21.0581,0.022476115293805
9,21.0754,0.022377343449086
9,21.0927,0.0222737947540337
9,21.11,0.0221643059914781
9,21.12,0.00000
10,20.56,0.00000
10,20.57,0.0288768905357381
10,20.5902,0.0287995596900493
10,20.6104,0.0287258675271185
10,20.6306,0.0286648756077259
10,20.6508,0.0286155105381336
10,20.671,0.0285809639186191
10,20.6912,0.0285569457723635
10,20.7114,0.0285372959059669
10,20.7316,0.0285226392398479
10,20.7518,0.0285044689338439
10,20.772,0.0284839986855984
10,20.7922,0.0284524633249019
10,20.8124,0.0284113380673044
10,20.8326,0.0283604254276682
10,20.8528,0.0282987769374397
10,20.873,0.0282268895115701
10,20.8932,0.0281433494020659
10,20.9134,0.0280488384435794
10,20.9336,0.027942264355115
10,20.9538,0.0278238495935122
10,20.974,0.0276877116728016
10,20.9942,0.0275394266793814
10,21.0144,0.027466489810116
10,21.0346,0.0274108903004592
10,21.0548,0.0273424410012717
10,21.075,0.0272519681427077
10,21.0952,0.027166968645588
10,21.1154,0.0270923469023685
10,21.1356,0.0270312733508224
10,21.1558,0.0270042846465739
10,21.176,0.0270057654945336
10,21.1962,0.0270421826481817
10,21.2164,0.0271123015222915
10,21.2366,0.0271979204290238
10,21.2568,0.0272989254641681
10,21.277,0.0274079790119165
10,21.2972,0.027510146534132
10,21.3174,0.027612051992152
10,21.3376,0.0277122810135683
10,21.3578,0.0278119792843215
10,21.378,0.0279200652669123
10,21.3982,0.0280305195237224
10,21.4184,0.0281419861610025
10,21.4386,0.0282570846614985
10,21.4588,0.0283651877325111
10,21.479,0.028462592194412
10,21.4992,0.0285427873170058
10,21.5194,0.028535927781129
10,21.5396,0.0285045777656639
10,21.5598,0.0284521643142143
10,21.58,0.028374236191404
10,21.6002,0.0282837679897126
10,21.6204,0.0281805926673267
10,21.6406,0.0280653821024183
10,21.6608,0.0279412840643914
10,21.681,0.0278013784408346
10,21.7012,0.0276558744845032
10,21.7214,0.0274986479948928
10,21.7416,0.0273355649532573
10,21.7618,0.0271631166315067
10,21.782,0.0269859390384989
10,21.8022,0.0268321407020494
10,21.8224,0.0266922440251116
10,21.8426,0.026587286411953
10,21.8628,0.0265168158205269
10,21.883,0.0264765095868861
10,21.9032,0.0264744015581339
10,21.9234,0.0264948903549118
10,21.9436,0.0265197054987147
10,21.9638,0.0265533087217004
10,21.984,0.026576561252339
10,22.0042,0.0265781065271534
10,22.0244,0.0265516375204472
10,22.0446,0.0265124984068905
10,22.0648,0.0264642913601254
10,22.085,0.0264189145825314
10,22.1052,0.0263756893576995
10,22.1254,0.0263342472197702
10,22.1456,0.0262985475444284
10,22.1658,0.0262614166926676
10,22.186,0.0262126507273389
10,22.2062,0.0261557297129668
10,22.2264,0.0260788392613249
10,22.2466,0.0259797164300165
10,22.2668,0.0258612764731503
10,22.287,0.0257168195121062
10,22.3072,0.0255579033855986
10,22.3274,0.0253903727136359
10,22.3476,0.0252125694391839
10,22.3678,0.0250309717002337
10,22.388,0.0248518966515321
10,22.4082,0.0246663753465107
10,22.4284,0.0244936138991302
10,22.4486,0.0243253587577889
10,22.4688,0.0241647305336071
10,22.489,0.0240077284166032
10,22.5092,0.0238660263018817
10,22.5294,0.0237415456048652
10,22.5496,0.0236325698412123
10,22.5698,0.0235427790107184
10,22.59,0.0234764059836656
10,22.6102,0.0234332926361397
10,22.6304,0.0234069107386766
10,22.6506,0.0234016397439255
10,22.6708,0.0234047471276778
10,22.691,0.0234081999979262
10,22.7112,0.023411143001575
10,22.7314,0.0233958353152255
10,22.7516,0.0233616963895293
10,22.7718,0.0233071742801573
10,22.792,0.0232209886241342
10,22.8122,0.0231100463801899
10,22.8324,0.0229811945795167
10,22.8526,0.0228325848550707
10,22.8728,0.0226705215306181
10,22.893,0.0225032644624046
10,22.9132,0.0223390550451911
10,22.9334,0.0221819719056883
10,22.9536,0.0220387796911145
10,22.9738,0.0219060370464841
10,22.994,0.0217835746843319
10,23.0142,0.021665632519564
10,23.0344,0.0215548713633446
10,23.0546,0.0214568185983812
10,23.0748,0.0213713396900189
10,23.095,0.0212979710745865
10,23.1152,0.0212386950464469
10,23.1354,0.0211917254547512
10,23.1556,0.0211564318343262
10,23.1758,0.0211340468571707
10,23.196,0.0211207538116758
10,23.2162,0.0211170016850099
10,23.2364,0.0211192477099436
10,23.2566,0.0211193379137425
10,23.2768,0.0211167050914412
10,23.297,0.0211117541784335
10,23.3172,0.0210884285990305
10,23.3374,0.0210515079686204
10,23.3576,0.0209985977788836
10,23.3778,0.020924870205595
10,23.398,0.0208293119714561
10,23.4182,0.0207211740634684
10,23.4384,0.0205987308481088
10,23.4586,0.0204636667854786
10,23.4788,0.0203259050313659
10,23.499,0.0201799103056033
10,23.5192,0.0200750783900434
10,23.5394,0.0199770540266029
10,23.5596,0.0198827787994082
10,23.5798,0.0197906827533824
10,23.6,0.0196985212289184
10,23.6202,0.0196137240446161
10,23.6404,0.0195210090192554
10,23.6606,0.0194198019081124
10,23.6808,0.0193092185932964
10,23.701,0.019168343865023
10,23.7212,0.0190054632075703
10,23.7414,0.0188235329873529
10,23.7616,0.0186273828536665
10,23.7818,0.0184056455207892
10,23.802,0.0181798787869369
10,23.8222,0.0179971429568955
10,23.8424,0.0178314762637734
10,23.8626,0.0177126056449731
10,23.8828,0.0176642385374201
10,23.903,0.0176754056872631
10,23.9232,0.0177306142015955
10,23.9434,0.0178386754069051
10,23.9636,0.0179886673014629
10,23.9838,0.0181353494944714
10,24.004,0.0182689978854733
10,24.0242,0.0183618372403224
10,24.0444,0.0184119213094153
10,24.0646,0.0184257253908069
10,24.0848,0.0184128483151937
10,24.105,0.018379023150625
10,24.1252,0.0183175519738665
10,24.1454,0.018239293801211
10,24.1656,0.0181538802129781
10,24.1858,0.0180586704334327
10,24.206,0.0179509482527066
10,24.2262,0.0178353441915282
10,24.2464,0.0177102113088329
10,24.2666,0.0175754679375043
10,24.2868,0.0174302650131426
10,24.307,0.0172700183333333
10,24.3272,0.0171087785032811
10,24.3474,0.0169440296430136
10,24.3676,0.0167745554228159
10,24.3878,0.0166046590524037
10,24.408,0.0164308705379371
10,24.4282,0.0162625673032266
10,24.4484,0.0160964927236814
10,24.4686,0.0159331193814765
10,24.4888,0.0157719743563534
10,24.509,0.015609783616734
10,24.5292,0.0154569626801233
10,24.5494,0.0153078457876455
10,24.5696,0.0151620746237743
10,24.5898,0.0150204447351832
10,24.61,0.0148781977505928
10,24.62,0.00000
11,23.98,0.00000
11,23.99,0.0259831248285612
11,24.0135,0.0260864819802074
11,24.037,0.0261375760809963
11,24.0605,0.0261411478266283
11,24.084,0.0261194563681671
11,24.1075,0.0260730456735717
11,24.131,0.0260043982788842
11,24.1545,0.0259221984678039
11,24.178,0.0258349976831614
11,24.2015,0.0257393337683313
11,24.225,0.0256339424694465
11,24.2485,0.0255194066561496
11,24.272,0.0253946136756166
11,24.2955,0.025259474488515
11,24.319,0.0251140704351972
11,24.3425,0.0249655429054238
11,24.366,0.0248092861846784
11,24.3895,0.0246521856441547
11,24.413,0.0244911403349628
11,24.4365,0.024330498879877
11,24.46,0.02416932002188
11,24.4835,0.0240040835881908
11,24.507,0.0238432364728259
11,24.5305,0.0236839860461978
11,24.554,0.0235281113676069
11,24.5775,0.0233800836343999
11,24.601,0.0232367231759556
11,24.6245,0.0230988848596523
11,24.648,0.0229624835013783
11,24.6715,0.0228305725159397
11,24.695,0.0226952254829185
11,24.7185,0.0225598863598403
11,24.742,0.0224209674967262
11,24.7655,0.0222722345681828
11,24.789,0.022119940024657
11,24.8125,0.0219524626863672
11,24.836,0.021769543740283
11,24.8595,0.0215760956601468
11,24.883,0.0213567033268023
11,24.9065,0.0211210160071316
11,24.93,0.0208614708984317
11,24.9535,0.0205914126041247
11,24.977,0.0202954116218381
11,25.0005,0.0200097618953612
11,25.024,0.0197322598420187
11,25.0475,0.0194703338957152
11,25.071,0.019243141062444
11,25.0945,0.0190393822138059
11,25.118,0.0188749201908161
11,25.1415,0.0187656718427423
11,25.165,0.0187029331509652
11,25.1885,0.0186719612750359
11,25.212,0.0186794174615986
11,25.2355,0.0187111092617526
11,25.259,0.0187447739269613
11,25.2825,0.0187756515366679
11,25.306,0.0188010145062557
11,25.3295,0.0188079044709528
11,25.353,0.0187926423708686
11,25.3765,0.0187657011756014
11,25.4,0.0187246090639284
11,25.4235,0.0186688309205654
11,25.447,0.0186091714948006
11,25.4705,0.0185465886183775
11,25.494,0.0184801437679109
11,25.5175,0.0183787371920608
11,25.541,0.0182640632712214
11,25.5645,0.018143872524585
11,25.588,0.0180152967949308
11,25.6115,0.0178801998670816
11,25.635,0.0177382001963397
11,25.6585,0.0175875284716811
11,25.682,0.0174295100706752
11,25.7055,0.0172664471661961
11,25.729,0.0170951326677235
11,25.7525,0.0169198143121948
11,25.776,0.0167334673597694
11,25.7995,0.0165418829919914
11,25.823,0.0163392505362257
11,25.8465,0.0161329275676393
11,25.87,0.0159128516489501
11,25.8935,0.0156930162938971
11,25.917,0.0154744908544808
11,25.9405,0.0152484416880475
11,25.964,0.0150281489189238
11,25.9875,0.0148261102432303
11,26.011,0.0146141316049548
11,26.0345,0.0144008841623033
11,26.058,0.0142023332929278
11,26.0815,0.0140214414680414
11,26.105,0.0138482737228248
11,26.1285,0.013683799757356
11,26.152,0.0135269615230768
11,26.1755,0.0133710580246873
11,26.199,0.0132120385111343
11,26.2225,0.013051400215024
11,26.246,0.0128868578098436
11,26.2695,0.0127186918891444
11,26.293,0.0125455114547652
11,26.3165,0.0123706053619215
11,26.34,0.0121911375180324
11,26.3635,0.0120105791558998
11,26.387,0.0118242650992858
11,26.4105,0.0116354351782291
11,26.434,0.0114412615059092
11,26.4575,0.0112499982344792
11,26.481,0.0110539311437771
11,26.5045,0.0108686386923304
11,26.528,0.0107193888728671
11,26.5515,0.0105802155567922
11,26.575,0.0104477950945681
11,26.5985,0.0103313961487528
11,26.622,0.0102306816589695
11,26.6455,0.0101427662637606
11,26.669,0.0100648957651193
11,26.6925,0.00999820090927559
11,26.716,0.00994138338282282
11,26.7395,0.0098830314702941
11,26.763,0.00982497580519032
11,26.7865,0.00976878717382958
11,26.81,0.00970587867514832
11,26.8335,0.00963396514945375
11,26.857,0.00955690114001771
11,26.8805,0.00947184249506998
11,26.904,0.00937857109499478
11,26.9275,0.00927825370139791
11,26.951,0.00917245924965462
11,26.9745,0.0090624856201014
11,26.998,0.00894675804352099
11,27.0215,0.00884992205943379
11,27.045,0.00875325381134001
11,27.0685,0.00865597223678864
11,27.092,0.00855723072034968
11,27.1155,0.00846055365480983
11,27.139,0.00836324173531124
11,27.1625,0.00826681284780399
11,27.186,0.00816853858711341
11,27.2095,0.00807144785498408
11,27.233,0.00797197133190228
11,27.2565,0.00787142357674378
11,27.28,0.00776740146636116
11,27.3035,0.00766318399297925
11,27.327,0.00755566501537313
11,27.3505,0.00744764596275219
11,27.374,0.00733658094281648
11,27.3975,0.00722766349504488
11,27.421,0.00711706686863706
11,27.4445,0.00700849221447733
11,27.468,0.00689986004973428
11,27.4915,0.00679547215623933
11,27.515,0.00666062984538693
11,27.5385,0.00651286118145513
11,27.562,0.00636688440195966
11,27.5855,0.00622544823112603
11,27.609,0.00608510271555305
11,27.6325,0.0059478827718931
11,27.656,0.00581203074835026
11,27.6795,0.00567877424300741
11,27.703,0.00554435035243916
11,27.7265,0.00541157193009812
11,27.75,0.00527797828503452
11,27.7735,0.0051443410138083
11,27.797,0.00500760652699505
11,27.8205,0.00487133198916738
11,27.844,0.00473254196335354
11,27.8675,0.00459398381193112
11,27.891,0.00445258105373437
11,27.9145,0.00431273291420969
11,27.938,0.00417207397988109
11,27.9615,0.00403346550548564
11,27.985,0.00389418352718157
11,28.0085,0.00376836389361737
11,28.032,0.003659753553912
11,28.0555,0.0035545396008859
11,28.079,0.0034499993220142
11,28.1025,0.0033494452570312
11,28.126,0.00324984358138028
11,28.1495,0.00315358110155265
11,28.173,0.00305778155290805
11,28.1965,0.00296497283066389
11,28.22,0.00287269086094089
11,28.2435,0.00278311365607558
11,28.267,0.00269370815461108
11,28.2905,0.0026066700026501
11,28.314,0.00252061063727331
11,28.3375,0.00243805857512593
11,28.361,0.00235645803267944
11,28.3845,0.00227799277964778
11,28.408,0.00220182698031727
11,28.4315,0.0021293581226551
11,28.455,0.00205887627807885
11,28.4785,0.00199131881679591
11,28.502,0.0019296483426512
11,28.5255,0.00191038974471382
11,28.549,0.00189243520914696
11,28.5725,0.00187512708298439
11,28.596,0.00185853196092907
11,28.6195,0.00184280327370847
11,28.643,0.00182669886295645
11,28.6665,0.00180959857561697
11,28.69,0.00179194809487415
11,28.70,0.00000
